ID;incident_dart;x;y;z
1;0;1.000000;1.000000;-1.000000
2;26;1.000000;-1.000000;-1.000000
3;6;1.000000;1.000000;1.000000
4;8;1.000000;-1.000000;1.000000
5;2;-1.000000;1.000000;-1.000000
6;22;-1.000000;-1.000000;-1.000000
7;4;-1.000000;1.000000;1.000000
8;14;-1.000000;-1.000000;1.000000
